,_id,title,text,rating,reviewer_handle,language,airline_name,flight_date,flight_connection,flight_type,booking_class
0,yIdB5bbQ,,Unser r√ºckflug wurde storniert ohne begr√ºndung. Es brauchte 4 tage f√ºr eine antwort und keine einzige bem√ºhung uns einen anderen flug vorzuschlagen. Und das beste ist es gibt keine r√ºckerstattung obwohl SINGAPORE AIRLINES den flug gecanceled hat.,1.0,,,Singapore Airlines,,,,
1,Nfi08hDD,,"Wir haben den Flug mit Singapore Airlines nur gebucht, um wegen der CORONA-Krise m√∂glichst schnell nach Hause zu kommen. Beide Fl√ºge (Auckland -Singapore und Singapore-Z√ºrich) mit dem A380 waren komplett ausgebucht. Trotzdem war das Personal superfreundlich, effizient und hat sehr professionell agiert. Zudem hat die ausgesprochen reichliche Verpflegung √ºberdurchschnittlich gut geschmeckt. W√ºrde Singapore Airlines jederzeit wieder buchen!",5.0,,,Singapore Airlines,,,,
2,a6pws374,,"Das war mal ein Erlebnis - der Flug mit dem A380 mit Singapore Airlines lie√ü keine W√ºnsche offen - perfekter Service, hervorragende Sitzqualit√§t und leckeres Essen - da vergeht der Langstreckenflug wie im Flug. Jederzeit gerne wieder",5.0,,,Singapore Airlines,,,,
3,QE27r46p,,"Log Seats aufgebucht, Abwicklung:Durchcheck des Gep√§ck's hin und R√ºckflug perfekt. App empfehlenswert zur Sicherheit. Essen an Bord f√ºr Europ√§er deutlich schlechter geworden",4.0,,,Singapore Airlines,,,,
4,QhiRDRO4,,"Wir (5 Personen) wollten 5 Wochen in die Staaten. Aufgrund der kurzfristigen Stornierung durch SA mussten wir die gesamte Reise stornieren. Der finanzielle Schaden f√ºr uns liegt bei mehr als 10000 Euro. Da wir die Inlandsfl√ºge bei AA, die Airbnb Unterk√ºnfte und div. andere Buchungen nicht stornieren k√∂nnen. Singapore Airline ist weder telefonisch noch per mail erreichbar. Herzlichen Dank daf√ºr.",1.0,,,Singapore Airlines,,,,
5,E8WKWnWC,,"Flug wurde ohne Nennung eines Grundes 1 Tag vorher per WhatsApp gecancelt. Es hie√ü nur, man solle sich bei seiner Reiseleitung melden. Da wir leider √ºber Expedia.de unseren Flug gebucht hatten, welche sich selbst nach 2 Tagen immer noch nicht bei uns gemeldet hat mit Informationen (wir hatten 2 E-Mails an Expedia gesendet sowie versucht telefonisch mit denen in Kontakt zu treten - was keinen Sinn machte da nur Warteschlange -), haben wir einen anderen R√ºckflug √ºber Emirates gebucht, leider mit Zwischenstopp¬¥s. Im Hotel hat das Personal bei Singapore Airline angerufen, dort hie√ü es angeblich, dass nicht gen√ºgend Personen fliegen w√ºrden. Ob das Personal hier korrekt √ºbersetzt hat, k√∂nnen wir leider nicht sagen. Aber selbst dann h√§tte die Airline uns einen Ersatzflug geben m√ºssen. Wir vermuten, dass Corona19 der Grund gewesen ist und wir leider vom 17.03.2020 um 00.20 Uhr - Termin √ºberrumpelt wurden, da angeblich ab diesem Zeitpunkt keine Fl√ºge mehr von Singapur nach Deutschland gehen. Und dies wird dann wahrscheinlich auch der vorgeschobene Grund werden um eine R√ºckerstattung aus dem Weg zu gehen. Leider. Frechheit sonders gleichen das man als Fluggast derart behandelt wird. Habe kein Verst√§ndnis daf√ºr.",1.0,,,Singapore Airlines,,,,
6,ZQ073pTE,,"Es war toll , der Service ist spitzenm√§ssig .Die Flugbegleiter sehr freundlich und zuvorkommend. Das Flugzeug ( A380) sehr sauber . Das Essen wirklich gut und viel . Ich w√ºrde jederzeit wieder mit der Airline fliegen",5.0,,,Singapore Airlines,,,,
7,fjk31qtZ,,"Der Service auf unseren Singapore Airlines Fl√ºgen war ph√§nomenal! Die Damen und Herren waren sehr freundlich und charmant.Zur Begr√º√üung gab es einen kleinen Singapore Sling Cocktail, w√§hrend des Fluges wurden immer wieder Wasser und andere Kleinigkeiten gereicht. Die Qualit√§t des Essens war, verglichen mit anderen Airlines, √ºberragend.
Ich hatte es in dieser Deutlichkeit nicht erwartet, aber Singapore Airlines wird nicht umsonst seit Jahren immer wieder auf Platz 1 unter den Airlines gew√§hlt.",5.0,,,Singapore Airlines,,,,
8,c3sqjlYL,,"Von der ersten bis zur letzten Minute ein sehr guter Service, freundliches und zuvorkommendes Personal, gutes Essen + Getr√§nke",5.0,,,Singapore Airlines,,,,
9,qjliLAVW,,"Der Flug von Singapur nach Perth erfolgte auch mit einer A350-900. Ich habe hier ann√§hernd an der gleichen Position im FLugzeug gesessen wie auf dem Flug von D√ºsseldorf nach Singapur. Hier sa√ü ich in Reihe 66 und nicht in 56. Der Sitzabstand ist deutlich enger. F√ºr f√ºnf Stunden war es aber ertr√§glich. Ansonsten, wie auch auf der Langstrecke: einfach gut.",4.0,,,Singapore Airlines,,,,
10,3OR6Dow6,,Ich habe eine g√ºnstige und schnelle Flugverbindung nach Australien gesucht. Gefunden hat mein Reiseb√ºro dann wieder (auch 2018 habe ich ihn genommen) diesen Flug. Die neue A350-900 bietet auf dem Langstreckenflug auch in der Econamy-Class erstaunlich viel Beinfreiheit. Der Service ist seit Jahren erstklassig. Schon meine Eltern wussten diesen vor 40 Jahren zu sch√§tzen.,5.0,,,Singapore Airlines,,,,
11,3uLN7fUS,,"...ein sehr angenehmer Flug mit vorz√ºglicher Betreuung (w√§hrend der ganzen Nacht), vern√ºnftigem Essen und guten Getr√§nken. So, wie wir es an sich von Singapoe Airlines gewohnt sind. Ist und bleibt unsere favorisierte Airline nach S√ºdostasien.",5.0,,,Singapore Airlines,,,,
12,fuVLglsN,,"Zun√§chst war ich skeptisch: Fl√ºge nach Australien sind generell nicht g√ºnstig und anstrengend sind sie auf Grund der Dauer sowieso. Warum also mehr Geld f√ºr einen Premium Service ausgeben?
Nun: ganz einfach - weil es das Fliegen einfach nochmal auf ein anderes Level bringt.
Was hat am meisten gefallen?
Der Sitz ist wesentlich breiter, die R√ºckenlehne l√§sst sich weiter nach hinten bringen und die Waden werden ebenfalls unterst√ºtzt.
Zum gr√∂√üeren Monitor gibt es dann auch noch Noise Cancellation Kopfh√∂rer. Herrlich!
Die Kissen sowie Decken sind ebenfalls unterschiedlich zur Eco Klasse.
Insgesamt: ein tolles Reiseerlebnis.",5.0,,,Singapore Airlines,,,,
13,Ad38qZ3U,,"Erstklassige Airline
Toller Service und extreme Freundlichkeit. Angefangen beim Check bis hin zum kabinenpersonal
Gutes Bord Entertainment.funktionierende Bildschirme.
Gutes Essen. St√§ndige Verf√ºgbarkeit von Getr√§nken.
Decken und Kissen vorhanden.gute Verstellm√∂glichkeiten der Sitze bei sehr viel Platz.",5.0,,,Singapore Airlines,,,,
14,hetdHwW2,,"Wegen Luftmangels wurde mir eine Sauerstoffflasche zur Verf√ºgung gestellt. Der Service war au√üergew√∂hnlich gut. Gutes Essen, flaches Bett.",5.0,,,Singapore Airlines,,,,
15,xR4Sr8dP,,"Auf unseren 4 Fl√ºgen ( FRA-SIN SIN-BNE, CHC-SIN, SIN-FRA ) war der Service in allen Belangen hervorragend. Das Essen war auch einwandfrei. Der Sitz war gut, die Fu√üst√ºtze am Sitz war f√ºr meine Gr√∂√üe leider ungeeignet.",5.0,,,Singapore Airlines,,,,
16,tFyLFJI6,,"Wie sind jetzt schon das 2. mal mit der Singapur Airline geflogen und es war wieder Super. Bei dieser Fluggesellschaft kann man wenigstens noch die Sitze beim Notausgang buchen. Bei anderen Fluggesellschaften sind die schon immer reserviert.
Der Service ist Top, die Sauberkeit exzellent.",5.0,,,Singapore Airlines,,,,
17,qZG6ybi1,,"Der Flug von D√ºsseldorf nach Singapur ist zwar sehr lang, aber die Sitze sind TOP, genauso wie das Unterhaltungsprogramm. Auch der Service ist sehr vorbildlich und das Personal sehr freundlich. Von Singapur sind wir dann nach Phuket weitergeflogen mit einer Tochtergesellschft von Singapore Airlines. Auch bester Service!",5.0,,,Singapore Airlines,,,,
18,GccJ7NpC,,"Sehr p√ºnktlich und wirklich toller Service kostenlose Getr√§nke egal mit oder ohne Alkohol, Essen sehr gut Man bekommt sogar eine Men√ºkarte bei Langstreckenfl√ºge, Personal extrem freundlich und hilfsbereit ob im Flugzeug oder Airport
Immer wieder gerne",5.0,,,Singapore Airlines,,,,
19,NFVFVOxJ,,Gute Beinfreiheit grosser Bildschirm breitere Sitze es l√§sst sich viel angehnemer in der Primium Klasse reisen.,4.0,,,Singapore Airlines,,,,
20,63V5MWpH,,"Airbus Flug, nette Flugbegleiter, essen war ok, singapore sling sehr zu empfehlen. Gutes preis-leistungsverh√§ltnis",4.0,,,Singapore Airlines,,,,
21,zCBqajUP,,"Wir sind das erste Mal mit Singapur Airlines geflogen und waren gespannt, denn die Fluggesellschaft wird ja weltweit hochgelobt.
Wir hatten kurzfristig zwei Fl√ºge gebucht. Einmal von Bangkok nach Singapur und einmal von Singapur nach Phuket. Die Buchung ging schnell und einfach √ºber die Homepage.
Die Fl√ºge selber waren aber nicht so toll wie erwartet. Beide Maschinen hatten ihre besten Tage schon hinter sich. Die Bestuhlung war schon √§lter, abgenutzt und fleckig. Der Service war normal. Alle sind nett und freundlich, aber nicht anders als andere Fluggesellschaften auch. Die Klimaanlage war etwas zu hoch gedreht, sodass man sich schon warm anziehen muss.
Preislich war es aber okay und die Fl√ºge p√ºnktlich. Dank Star Alliance Mitgliedschaft haben wir auch noch Meilen gesammelt.
Alles in allem eine gute Fluggesellschaft, die man auch weiter empfehlen kann. Aber irgendwie hatte ich mehr ""Erlebnis"" erwartet.",4.0,,,Singapore Airlines,,,,
22,pqvLXR2X,,"In der Kabine war es eiskalt! Viele Passagiere hatten ihre Kaputzenpullis √ºbergezogen und sich (wie meine Frau) mit mehreren Decken eingemummt! Selbst ich (eigentlich nicht k√§lteempfindlich) musste mir eine Decke √ºber den Kopf ziehen, da mich die Klimaanlage der Gesamtkabine angeblasen hat und die Kabinentemperatur insgesamt wirklich unzumutbar niedrig (kalt) war! Hatten uns beim Bordpersonal beklagt! Keine √Ñnderung! Auswirkungen: Erk√§ltung nach dem Heimflug!!!",2.0,,,Singapore Airlines,,,,
23,fVLVQPzG,,"Vorweg: ich liebe Singapore Airlines! Service und Komfort sind einfach unschlagbar.

Diesmam sind wir mit einem √§lteren Flugzeug geflogen (a380-800)
Es war nicht so sauber wie wir es gewohnt waren und auch das Entertainmentprogramm (inklusive Hardware war nicht so up to date)
Viele funktionierte nicht.
Unsere Kopfh√∂rerbuchse. Waren komplett ausgeleiert so das wir sie nicht nutzen konnten, weil wir die Stecker nicht in Position halten konnte. Wenn man was h√∂rte, dann nur auf einem Ohr. Echt bl√∂d bei einem Langstreckenflug.
Wir sind au√üerdem Tags√ºber geflogen (sonst Nachts)
War insgesamt kein gutes Feeling an Board. Flieger war sehr voll, das Personal das f√ºr unsere Reihe zust√§ndig war auch eher sehe abfertigend und nicht so freundlich wie wir es sonst von SA kennen!
Snacks waren nur bedingt verf√ºgbar. Sonst gibts, Br√∂tchen, Chips, Muffins, Riegel.. st√§ndig wurde mir ein Apfel angeboten wenn ich nach einem Snack fragte. Hatte echt hunger und dann ist nen Apfel einfach nicht s√§ttigend. Meine vorgemerktes Veggie Meal wurde vergessen. Da musste ich selber hinter her sein. Naja.. das wird meine Meinung zu SA nicht mindern aber man erwischt eben auch nicht so tolle Fl√ºge. Mei. tablet war auch total schief, so dass immer alles runter gerutscht ist.

Ich bleib mal optimistisch.. mein n√§chste Flug mit SA wird wieder Klasse und ein sch√∂nes Erlebnis ;)",3.0,,,Singapore Airlines,,,,
24,wo1qKQNV,,"Immer wieder ein Erlebnis zu sehen, wie serviceorientiert eine Airline sein kann. Man f√ºhlte sich w√§hrend des gesamten Fluges umsorgt. Die Versorgung mit Mahlzeiten und Getr√§nken vorbildlich.",5.0,,,Singapore Airlines,,,,
25,ItfWvvFs,,"Ein sehr angenehmes Flugerlebnis. Viel Beinfreiheit, breitere Sitze und ein gutes Multimedia Angebot wie Filme Serien und Musik aus aller Welt.
Das Personal ist sehr freundlich und aufmerksam was die Kundenw√ºnsche anbelangt.
Das essen warm und f√ºr Flug-Essen schmackhaft. Getr√§nke konnten w√§hrend des Gesamten Fluges immer wieder nachbestellt werden. (auch Weiss und Rotwein)

Alles in allem f√ºr weite Fl√ºge eine Klasse f√ºr sich.",5.0,,,Singapore Airlines,,,,
26,qAOwjh0P,,"Sehr angenehmer Flug, die Flugbegleiter, ob Mann oder Frau , TOP. Essen; genial, man konnte nicht mal so viel Essen, wie es serviert war.",5.0,,,Singapore Airlines,,,,
27,PO11LMhA,,"Abflug und Ankunft war p√ºnktlich, gepflegte Kabine und freundliche Flight Attendent, zuvorkommende Bedienung",5.0,,,Singapore Airlines,,,,
28,MMDvgmLx,,"Warum das Gute auf der Suche nach Besserem beleidigenden?
Immer wieder bester Service √ºber den Wolken und auch schon vorher. Haben schon andere Business Fl√ºge gehabt, SQ setzt immer einen drauf. 100% und mehr zu empfehlen .
War unsere Bewertung hilfreich?",5.0,,,Singapore Airlines,,,,
29,Ew6zhed5,,"F√ºr mich die beste Fluggesellschaft!
Sehr guter Service, p√ºnktlich, sehr guter Sitzkomfort, besser geht es nicht!",5.0,,,Singapore Airlines,,,,
30,Q9PQIF6u,,"Angenehmer 12 Sundenflug im A380 der Singapore Airlines.
Obwohl nur Economy hatten wir gen√ºgend Platz im Sitz und gegen vorne gen√ºgend Beinfreiheit. Der Service an Board ist super und die Flugbegleiter/innen sind sehr freundlich und zuvorkommend. Wenn man sich die F√ºsse vertreten will kann man eine kleine Runde gehen.",5.0,,,Singapore Airlines,,,,
31,4D8bKh7O,,"Premium Eco Flug von Z√ºrich nach Singapur. Die Sitzpl√§tze sind in der Premium Eco gut, der Abstand jedoch teilweise f√ºr diese Preisklasse m√§ssig. Eine Empfehlung eher die 1 Reihe zu reservieren. Das Essen und Service sehr gut, jedoch das Unterhaltungsprogramm ist bei Emirates und Qatar schon deutlich besser. Gesamt ein guter Flug jedoch nichts anderes als andere Airlines wie Emirates und co.",4.0,,,Singapore Airlines,,,,
32,WslqU0kY,,"Guter Service.Beinfreiheit gegeben.Essen gut.Es gab reichlich alkoholische und nicht alkoholische Getr√§nke.Personal,sehr freundlich und hilfsbereit.Sitzcomputer vorhanden.",4.0,,,Singapore Airlines,,,,
33,41PqeVUN,,"Auf dem Flug nach Singapore wurden wir angemessen betreut und verpflegt, auf dem R√ºckflug jedoch (Nachtflug) war der Service und die Verpflegung eher sp√§rlich.",4.0,,,Singapore Airlines,,,,
34,73RqEGto,,"Wir hatten wohl zu hohe Erwartungen, da diese Airline √ºberall als Top angepriesen wird. Das Essen war mittelm√§ssig, das Angebot an Filmen ist ungen√ºgend, Spiele sind auch keine interessanten vorhanden. Personal ist freundlich, es ist sauber, soweit alles ok.",3.0,,,Singapore Airlines,,,,
35,GEdBFxIx,,"Bester Service wie immer ob es sich um das Essen handelt, die extra Sandwiches zwischendurch, die Snacks umsonst, das Bier, der Wein oder die gratis Cocktails ganz zu schweigen von neuesten Filmen am eigenen Bildschirm und der Entertainment Auswahl. Alles erstklassig. Ein Grund immer wieder hiermit lange Reisen zu unternehmen.",5.0,,,Singapore Airlines,,,,
36,dUeNPHZ4,,"Wir waren das erste mal mit singapore airlines unterwegs. Unser Flug ging von Frankfurt √ºber Singapur nach Phuket. Der Check in war super organisiert so etwas z√ºgiges und schnelles habe ich noch nie miterlebt und das bei einem Doppeldecker. Sobald alle Ihren Sitzplatz gefunden haben bekommt man von den sehr freundlichen Stewardessen ein warmes feuchtes Tuch um sich einmal kurz frisch zu machen. Die Sitze sind sehr weich und bequem selbst f√ºr die Economy class. Selbst Ich mit einer Gr√∂√üe von 1.93 m hatte noch Platz zwischen meinen Knien und dem vordersitz was man von vielen Fluggesellschaften nicht mehr erwarten kann. Beim essen haben sie eine gute Auswahl zwischen 2 Gerichten was ich zus√§tzlich positiv bewerten muss ist, das man kein plastikbesteck bekommt. Das essen ist wie √ºberall im Flieger normal. Snacks Getr√§nke ( auch alkoholische) sind im Preis inbegriffen. Das entertainment ist meiner Ansicht nach sehr gut. Man kann dar√ºber spielen und es gibt einige Filme auch auf Deutsch. Die Toiletten wurden alle halbe Stunde durch eine Stewardess gereinigt man kann was die Sauberkeit angeht √ºberhaupt nicht meckern. W√§hrend des Fluges kamen gef√ºhlt alle 20-30 Minuten eine Stewardess und fragte nach einem neuen Getr√§nk oder Snack.
Alles im allen f√§ngt der Urlaub bei Singapore Airlines schon im Flieger an.
Ich w√ºrde jederzeit wieder damit fliegen.",5.0,,,Singapore Airlines,,,,
37,yGuG5tP4,,"Perfekter Service w√§hrend dem Flug, feines Essen das man vorbestellen kann.
Entertainment sehr gut ‚Äì etwas wenig Filme in Deutsch.
Zum Sitzen sehr bequem ‚Äì allerdings werden die 2 Meter L√§nge nur erreicht, in dem man die Beine seitlich in eine Nische schiebt. Das beschr√§nkt die M√∂glichkeiten zum Entspannen extrem und auch die Polsterung ist nicht dick genug. Hier bieten Swiss und Emirates deutlich mehr.
Lounges sind gut ausgestattet, in Singapur aber tw. sehr √ºberf√ºllt.",4.0,,,Singapore Airlines,,,,
38,X5JkOrkM,,"W√§hrend man in der Business die Airline als √ºberdurchschnittlich bezeichnen kann, war das Erlebnis in der Eco entt√§uschend. Platzangebot naja, Essensqualit√§t nicht ausreichend, Service v√∂llig chaotisch. Da habe ich mehr erwartet.",3.0,,,Singapore Airlines,,,,
39,EdsYJhey,,"Die Business Class im A380 war schon sehr komfortable und der Service aufmerksam und sehr freundlich. Im 777 dann von Singapore nach Sydney waren wir noch positiver √ºberrascht. Der Sitz l√§sst sich nicht einfach runterschieben, sondern die R√ºckenlehne wird umgeklappt. Das mag im ersten Moment sonderbar sein, aber das so entstehende Bett ist einiges komfortabler als im A380. Viel weicher und die √úberg√§nge der Sitzpolster st√∂ren viel weniger. Auch das Personal war top.
Die grosse Entt√§uschung kam auf der R√ºckreise. Wir decken uns im Duty Free in Sydney mit guten Weinen ein. Wir fragten explizit nach, ob das als Transit via Singapore ein Problem w√§re. Sei es nicht, die Flaschen m√ºssten einfach in einen versiegelten Sack und m√ºssten versiegelt bleiben. Wir freuten uns, noch eine wertvolle Erinnerung aus Australien nach Hause nehmen zu d√ºrfen.
In Singapore kam dann das frustrierende Erlebnis. Vor dem Gate gab es nochmals eine Handgep√§ck Kontrolle. Wieso auch immer, st√∂rte uns nicht. Hatten ja normales Handgep√§ck und die versiegelten Duty Free Eink√§ufe dabei. Dann wurden wir an einen (zwar netten) Herren weitergeleitet, der uns mitteilte, dass wir die gekauften Weine nicht mitnehmen d√ºrften. Wir waren erst verwundert und dachten eher an eine versteckte Kamera oder so. Wir wiesen darauf hin, dass die Taschen versiegelt seien und uns in Sydney best√§tigt wurde, dass man Duty Free so mitnehmen darf. Wir wurden auf einen Informationssteller verwiesen, auf dem stand, dass Duty Free auf Singapore Airways Fl√ºgen nach Z√ºrich nicht akzeptiert w√ºrden, ausser sie seien auf Singapore Airways Fl√ºgen oder am Flughafen in Singapore gekauft worden. Die feinen Weine wurden konfisziert und w√ºrden vernichtet. Wir waren v√∂llig von der Rolle und masslos entt√§uscht. Da half auch der freundliche Service der Crew nicht viel. Wir verstehen die unterschiedlichen Infos nicht.",3.0,,,Singapore Airlines,,,,
40,PtZOqyxi,,"Guter Service - ruhiger Flug; da nicht vollbesetzt, hatten wir eine 3er Reihe zu zweit, was sehr angenehm f√ºr den 12st√ºndigen Flug war....das warme Essen war leider nicht so toll, aber ehrlich gesagt, habe ich bisher noch nie was wirklich gutes im Flugzeug zum Essen bekommen...",4.0,,,Singapore Airlines,,,,
41,xubZzEek,,"Leider ist der Flair der Airline dahin ... die Fluglinien der Vereinigten Arabischen Emirate haben ihr in Qualit√§t, neue Flugzeuge und Essen den Rang abgelaufen.
Wir sind fr√ºher mit Singapore sehr gerne geflogen, deshalb extra wieder gebucht, aber es war entt√§uschend. Hin und R√ºck waren wir in einer alten A380 und einer √§lteren 777. Durchgesessen und viel wichtiger: das Essen was trotz premium eco misserabel.
Das Personal war stets bem√ºht und das meine ich positiv. Aber das reicht nicht, dann kann man trotz (bitte nicht falsch verstehen) √§lterer Crew wieder mit Lufthansa fliegen.",4.0,,,Singapore Airlines,,,,
42,lx30XwA2,,"immer wieder grossartig! Wir w√ºrden jederzeit wieder Singapore Airlines buchen!
Die Crew bzw. die Bedienung ist einfach einmalig, danke vielmals",5.0,,,Singapore Airlines,,,,
43,qvojeYN5,,Die Sitze der Premium Economy bitten weniger Comfort verglichen mit dem A380 und auch der Sitzabstand ist kleiner.,3.0,,,Singapore Airlines,,,,
44,jAKZhOHD,,"Ich reise sehr viel mit dem Flieger auch Langstrecken, nun zum 1. Mal mit Singapore Airlines. Ich war √ºberrascht √ºber die Freundlichkeit, die bequemen breiten Sitze auch in Economy und das gute Essen. Es war sehr ruhig in der Kabine, kein lautes Brummen oder Rauschen, das kenne ich von meinen Fl√ºgen nach S√ºd-Amerika anders. Der 12 Std -Flug ging schnell und angenehm vorbei. Es wurden wirklich dauernd Getr√§nke, Wasser und S√§fte angeboten und man konnte sich falls man doch noch hungrig war Snacks oder Sandwichs holen.",5.0,,,Singapore Airlines,,,,
45,EMDBuyR0,,"Ich bin schon mit vielen Airlines unterwegs gewesen, aber der Service und Komfort an Bord ist wirklich einzigartig. Das Bordpersonal ist ausgesprochen freundlich und aufmerksam. Das Essen ist vorz√ºglich und und man bekommt jederzeit Getr√§nke ohne Ende. Das Flugzeug, hier ein Airbus A350, war sehr gepflegt und leise. Die Temperatur auch bei Nacht war immer sehr angenehm, ganz im Gegensatz zu amerikanischen Airlines, wo mach nach dem Flug eher tiefgek√ºhlt ist. Jederzeit wieder mit Singapore Airlines!........Echt toll.....",5.0,,,Singapore Airlines,,,,
46,9gzS2P3k,,"Wie immer Top, zum 1.x in der P. Economie 1.400 ‚Ç¨ 2 way ab Luxemburg bis nach Phuket kann man nicht meckern. xxxxxxxxxxxxx",5.0,,,Singapore Airlines,,,,
47,oDpnmn17,,"Ja, es ist jammern auf hohem Niveau, aber wenn man nach einer 70 Stunden Woche nur noch seine Ruhe will, dann sollte das Team das ‚ÄûDo not disturb‚Äú akzeptieren. Sitze super, Essen und Getr√§nke klasse, aber alle 10 Minuten angetippt werden obwohl das Zeichen an ist und die Augen geschlossen, das muss nicht sein. Trotzdem, tolle Airline.",5.0,,,Singapore Airlines,,,,
48,DWp8dyI5,,"Besser geht es nicht. Es gab bei SIA noch nicht einen einzigen Flug, den ich bem√§ngeln konnte. Im Vergleich zu Lufthansa und anderen europ√§ischen wie auch amerikanischen Airlines, spielt SIA in einer eigenen Liga. Der Service ist vorbildlich, die Verpflegung ist qualitativ weit vor dem Wettbewerb",5.0,,,Singapore Airlines,,,,
49,aTN5t95Y,,"Super Service mit tollen bequemen Sitzen, viel Beinfreiheit, gutes Essen, gutem Entertainment! W√ºrde ich auf jeden Fall wieder buchen!",5.0,,,Singapore Airlines,,,,
50,AeVRV9tP,,f√ºr einen superpreis nach manila mit bestem service und rundumbetreuung trotz economy....nur zu empfehlen....,5.0,,,Singapore Airlines,,,,
51,f8qubBBj,,"Einfach ein Traum.
Auf Freundlichkeit und Service wird bei dieser Airline noch Wert gelegt.

Leckeres Essen, sch√∂n breite Sitze und Unlimited guter Champagner!",5.0,,,Singapore Airlines,,,,
52,HPacPbZD,,"Ja, auch Economy geht. Flug von DUS nach SIN.
Nat√ºrlich sind bei Fernfl√ºgen der Platz immer ein Thema, aber diese Airline macht mit ihrer Freundlichkeit des Personals, des Services und des Unterhaltungsprogramm vieles wett. Auch vom Preis her ist ist alles im Rahmen.",5.0,,,Singapore Airlines,,,,
53,o1TtN7kq,,"Viel gutes geh√∂rt, aber nicht alles erf√ºllt.
Es ist ein langer Flug mit √ºber 13 Stunden.
Der Sitzplatz h√§tte daf√ºr mehr sein m√ºssen. Die Toiletten waren sehr eng.
Sehr bem√ºhtes, nettes Service-personal.
Die Versorgung mit Wasser zwischendurch h√§tte mehr sein d√ºrfen.
Einchecken nicht ganz einfach.
Verpflegung ok, mehr erwartet.",4.0,,,Singapore Airlines,,,,
54,1YlbDrLI,,"Wir sind das erste mal mit Singapur Airlines geflogen und waren mega zufrieden. Ordentlich Platz zum Sitzen und das in der Economy Class. Super nette Flugbegleiter, sehr gutes Entertainment, sehr gutes Essen, Getr√§nke umsonst und sauberes Flugzeug. Werden wieder mit Singapur Airlines fliegen üëçüòä",5.0,,,Singapore Airlines,,,,
55,E7yivgd8,,"Als wir das erste Mal mit SQ geflogen sind, wussten wir nur vom H√∂ren/Sagen das SQ zu den besten geh√∂rt, letztlich k√∂nnen wir sagen, auch wenn wir die als Vergleich nehmen, die uns bekannt sind, k√∂nnen wir nur positives berichten, wir sprechen hier von der so genannten ""Holzklasse"", also Eco..., noch nie hatten wir in einer Maschine so viel Beinfreiheit in der Eco, √ºberragend wenn man mit dem A380 fliegen kann, wie wir beim Hinflug, aber auch in der 777 war die beinfreiheit ok, bei einem 12,5 Std.Flug sicher sehr angenehm. Auch den Service k√∂nnen wir nur positiv bewerten, es wird immer Servicekr√§fte geben, die etwas besser sind, als andere, im gleichen Flieger versteht sich, aber alle waren sehr bem√ºth, echte Schw√§chen k√∂nnen wir nicht nennen. Klar ist das man Abstriche gegen√ºber den h√∂herklassigen Kategorien machen muss, die kosten ja auch entsprechend, wenn ich aber Condor in der Pre Eco mit der Eco in der SQ vergleiche, kann man nur l√§cheln, wie schlecht das Paket in der Condor dagegen ist, wenn man aber keine Alternativen von den gesellschaften her hat, wenn es zb. in die Karibik geht, dann muss man nehmen was kommt, aber Singapur, wo es jetzt wieder hin geht, wieder mit SQ, so k√∂nnen wir uns schwer vorstellen, dass die Qualit√§t extrem nachgelassen haben k√∂nnte, wir freuen uns trotz der langen Flugzeit wieder dabei zu sein, Essen und getr√§nke absolut ausreichend bei Eco, eher √ºberdurchschnittlich, immer wieder gerne.",4.0,,,Singapore Airlines,,,,
56,vrkCajm5,,"Bei der Singapore Airlines hat man das Gef√ºhl, dass der Mensch noch was wert ist und man nicht einfach ""nur bef√∂rdert"" wird. Sie sind freundlich und sehr zuvorkommend. Alles in allem wird man ein wenig verw√∂hnt.",5.0,,,Singapore Airlines,,,,
57,E6w9ztjQ,,"Wir waren vom Bordservice bei Singapore Airlines sehr entt√§uscht. Der Service wirkte unorganisiert und chaotisch, die Crew eher uneingespielt und man hatte den Eindruck als ob sie keine Lust auf ihre Arbeit h√§tten. Zudem waren die Flugbegleiter in unserem Bereich der Kabine unfreundlich und wirkten arrogant. Beim Servieren der Mahlzeiten und Getr√§nke wurden immer mehrere Sitzreihen √ºbersprungenen, um dann hektisch zur√ºck zukehren und den Service nachzuholen. Das wirkte eher so, als ob man einfach vergessen h√§tte an welcher Stelle man die letzte Mahlzeit serviert hatte. Die Qualit√§t des Essens war eher schlecht und es schmeckte fade.
Entweder hatten wir einfach Pech mit der Crew und unserem Flug oder die Qualit√§t hat bei Singapore Airlines einfach nachgelassen. Irgendwie schade.",3.0,,,Singapore Airlines,,,,
58,ZqIfpDLG,,"Ich fliege immer sehr gerne mit SQ, aber diesmal war es nur entt√§uschend. Die Klimaanlage viel zu kalt. Trotz Jacke habe ich den ganzen Flug gefroren. 2x wurde das Bordpersonal darauf aufmerksam gemacht, aber keiner reagierte. In anderen Bereichen des Fliegers war es dagegen von der Temperatur her angenehm. Die Toiletten waren unhygienisch, unsauber, das Waschbecken verstopft. Wurden nicht einmal gereinigt bzw. Toilettenartikel aufgef√ºllt. Das Speisenangebot war ganz annehmbar, bis auf das Br√∂tchen. Dieses war etwas hart und sehr kalt. Ganz anders der R√ºckflug. Hier war alles Top und ich sehr zufrieden.
Da der Hinflug bisher von dieser negativen Erfahrung her einmalig war, w√ºrde ich weiter mit SG fliegen und auch empfehlen.",3.0,,,Singapore Airlines,,,,
59,x4SaCI7H,,"Tja, was soll man schreiben ... nicht umsonst die weltweit beste Businessclass!
Und dann diese umwerfend netten Stewardessen und Flugbegleiter ... das ist WILLKOMMEN im Urlaub von Anfang an.
Man wird mit Getr√§nken umsorgt und das Essen ist vom feinsten (book the cock) und st√§ndig wird nach den Flugg√§sten geschaut, ohne, dass man klingeln m√ºsste - immer wieder gerne",5.0,,,Singapore Airlines,,,,
60,zePgts0N,,"Der A380 war top ausgestattet und sehr ger√§umig. Durch die erh√∂hte Beinfreiheit (im Vergleich zu anderen Airlines) konnte ich selbst mit meinen 1,94 m auf einem normalen Platz bequem sitzen und hatte noch Platz zum Vordersitz.
Der Boardservice war ausgezeichnet, sowohl das sehr zuvorkommen Personal als auch die Auswahl und Qualit√§t an Speisen und Getr√§nken war f√ºr Economy sehr gut. Das Board-Entertainment war auch vergleichsweise umfangreich.
Insgesamt war es der angenehmste Langstreckenflug (u.a. wegen der erh√∂hten Bei Freiheit) den ich je hatte.",5.0,,,Singapore Airlines,,,,
61,Jg2W8FPT,,"Die Reise war zwar lang, aber sehr gut aushaltbar. Einzig hatte ich das Gef√ºhl das es im vergleich zu unserem letzten Flug wehniger Reinigungen der Toiletten gab. Ansonsten top!",5.0,,,Singapore Airlines,,,,
62,s8tj3DJy,,"Nach 5 Jahren Abstinenz wieder mal mit SQ geflogen und ich durfte feststellen, da√ü sie nichts verlernt haben.

Einzig der Zahn der Zeit nagt nun langsam aber sicher am Interieur, welches folgerichtig auch ausgewechselt wird.
In ""meinem"" A380 waren es noch die alten Sitze, die immer noch sehr gro√üz√ºgig und bequem sind, aber drumrum wirds dann mittlerweile doch Zeit f√ºr einen Austausch der M√∂bel.

Ebenso habe ich das Amenity Kit vermisst, schade, da√ü man da abgespeckt hat.

Dennoch rundherum ein √§u√üerst angenehmer Flug mit einer tollen Airline.",4.0,,,Singapore Airlines,,,,
63,yhENPUuw,,"Mehr kann ich nicht sagen au√üer Singapore Airlines ist ein von den besten Fluggesellschaft der Welt ist, und jedesmal beweis es warum sie die beste sind.
Ich fliege grunds√§tzlich nur mit SIA oder mit Cathay Pacific. Und jedesmal ist ein Erlebnis.",5.0,,,Singapore Airlines,,,,
64,aJBEs0yH,,"Wir sind nun schon mehrmals mit Singapore Airlines geflogen und sind immer wieder zufrieden. Wir fliegen Holzklasse und haben schon verschiedene Airlines ausprobiert aber nach Asien ist Singapore Airlines erste Wahl.

Bis zum n√§chsten mal

Alexandra und Stefan",5.0,,,Singapore Airlines,,,,
65,v4L6j9kx,,Fr√ºhere Reisen mit dieser Airline waren besser. Socken etc wurden nur auf Anfrage ausgegeben. Das Bordpersonal war jedoch sehr hilfsbereit.,4.0,,,Singapore Airlines,,,,
66,nOvMTZjO,,"Sehr gute Fluggesellschaft, freundliches Personal, immer ein L√§cheln im Gesicht. Die Mahlzeiten sind v√∂llig ausreichend, sogar die Snacks sind sehr schmackhaft.
Allerdings wird dabei sehr viel Abfall produziert durch die vielen Einwegverpackungen.
Wir mussten 1xumsteigen und haben f√ºr den Anschlussflug nochmal neu verpackte Kopfh√∂rer erhalten. Hier k√∂nnte man die Flugg√§ste √ºber Nachhaltigkeit informieren und die Kopfh√∂rer weiter verwenden lassen.
Dies und andere Kleinigkeiten sind zwar nur ein Tropfen auf den heissen Stein, aber vielleicht kann man damit das Umdenken auch in der Ferienzeit von Flugg√§sten anregen.",5.0,,,Singapore Airlines,,,,
67,UnvW9gWP,,"SingaporeAir kann nur empfohlen werden. Super Service, meist sehr freundliches Personal und einen Airline die sehr viel Wert auf Sicherheit legt und das zu absolut fairen Preisen im Gegensatz zu anderen Airlines, die dieselbe Strecke bedienen (Swiss/Thai).",5.0,,,Singapore Airlines,,,,
68,sZZDBakr,,"Wir sind am 11.11. mit Flug SQ25 in der Economy geflogen und sind begeistert. Besonders hervorzuheben ist die Leistung der Flugbegleiter, die diesen Flug zu einem f√ºr uns unvergesslichen Erlebnis machten. Die FA waren stets aufmerksam, freundlich und hilfsbereit. Es wurden mehrfach Getr√§nke und Snacks verteilt, sodass man nie durstig oder hungrig sein musste. Auch small Talk mit den Stewardessen war stets m√∂glich und dies auf eine sehr angenehme und herzliche Art.

Auch der Ablauf und die Verteilung des vorab bestellten nussfreien Essens hat bestens funktioniert.

Der Start und die Landung des A380 war meines Erachtens ebenfalls perfekt, hierzu also auch lobende Worte an die Piloten.

Wir sind nat√ºrlich auch schon mit anderen 5 Sterne Fluggesellschaften geflogen, aber die Messlatte wird ganz klar von Singapore Airlines und deren Flugbegleiter vorgegeben.

Macht weiter so !",5.0,,,Singapore Airlines,,,,
69,svhTL3kJ,,"Wir sind nach NYC Premium Economy Class geflogen. Wir haben 70 Std. vor Abflug ein Angebot abgegeben f√ºr ein Upgrade und haben dieses dann auch bekommen.
Premium hei√üt hier gem√ºtlicher sitzen, Sitze die sich hochklappen lassen inkl. Beinst√ºtze, gr√∂√üere Bildschirme und Kopfh√∂rer und wahlweise kann man sich sein Men√º vor Abflug bestellen.

Zur√ºck sind wir dann Economy Class geflogen, weil die Premium Economy ausgebucht war. Hier ist deutlich zu erw√§hnen, dass der Platz sehr gering ist und viele Dinge die wie oben aufgelistet in der Premium Klasse in der Economy nicht vorhanden sind.",4.0,,,Singapore Airlines,,,,
70,nnwekoiL,,"Ich bin im Sp√§therbst 2018 erstmalig mit Singapore Airlines geflogen und war begeistert. Top Service, aufmerksames Personal, hilfsbereit, ohne das man den Eindruck hatte man ist penetrant oder ein nerviger Gast ist hat das Bordpersonal alles gebracht, was man orderte. Das Grundangebot war Spitze, abwechsumgsreich und qualitativ fein. Getr√§nkeangebot umfangreich, gute Weinauswahl, leider manchmal in Minibeh√§ltern (z.B. Gin-Tonic), weil man wohl niemanden ""abf√ºllen"" will. Gleichwohl konnte man quasi jederzeit bestellen, wann man dazu Lust hatte. Da kam man nicht in Gedanken ein schwieriger Gast zu sein, weil man gef√ºhlt sehr bereitwillig den Service bot. Gute Snacks zwischendrin, sehr umfangreiches Entertainment-Programm, zudem funktionierte alles. WC wurden auch zwischendrin aufgefrischt, sogar Zahnpasta und -b√ºrste gab es. Ich kann mir das f√ºr Economy nicht besser vorstellen. TOP und damit echte 5 Sterne...
Zusatzprogram in Form von Stadtbesichtigung war Mega. Das hat den Aufenthalt in Singapur nochmal aufgewertet.",5.0,,,Singapore Airlines,,,,
71,StiPzgUg,,"F√ºr mich ist es jedes Mal ein tolles Erlebnis mit Singapore Airlines zu fliegen! Klasse Service, sehr sehr freundliches und zuvorkommendes Personal!

Immer wieder üëçüèª",5.0,,,Singapore Airlines,,,,
72,ljm4Z8C4,,"Das Flugzeug war in bestem Zustand und das Personal grossartig! Neben dem normalem Service wurden wir auch zwischendurch immer wieder gefragt, ob wir noch einen Wunsch h√§tten oder ob sie noch etwas f√ºr uns tun k√∂nnten. Grossartig! So einen Service habe ich bisher noch nicht erlebt!",5.0,,,Singapore Airlines,,,,
73,e0I8hKvZ,,"Sind das erste mal Buisness Class geflogen ( fr√ºher Economy und Premium Economy) und waren total begeistert. Haben auch schon andere Airlines probiert , sind aber immer wieder zu SIA zur√ºckgekehrt. Es ist und bleibt unsere Nr.1 . Haben unseren n√§chsten Flug nach Bali schon gebucht, nat√ºrlich wieder mit SIA in der Buisness Class .",5.0,,,Singapore Airlines,,,,
74,JbCE5G5V,,"Eine ausgezeichnete Airline, wo das Personal immer sehr freundlich und gut gelaunt ist. Aber auch die Verpflegung an Bord war sehr gut und ausreichend.",5.0,,,Singapore Airlines,,,,
